split,subject,protocol,tau,gated,unsafe_assist_rate,assist_availability,n_windows
within/s01/d01_t01,s01,within-session,0.5,False,0.0222417969610218,0.9566608493310064,4541
within/s01/d01_t01,s01,within-session,0.55,True,0.02048007046905968,0.9520069808027923,4541
within/s01/d01_t01,s01,within-session,0.6,True,0.01893855978859282,0.9444444444444444,4541
within/s01/d01_t01,s01,within-session,0.65,True,0.017176833296630698,0.9360093077370564,4541
within/s01/d01_t01,s01,within-session,0.7,True,0.014974675181678044,0.9243746364165212,4541
within/s01/d01_t01,s01,within-session,0.75,True,0.012552301255230125,0.9069226294357184,4541
within/s01/d01_t01,s01,within-session,0.8,True,0.010570358951772737,0.8865619546247818,4541
within/s01/d01_t01,s01,within-session,0.85,True,0.008808632459810615,0.8598022105875509,4541
within/s01/d01_t01,s01,within-session,0.9,True,0.007267121779343757,0.8161721931355439,4541
within/s01/d01_t01,s01,within-session,0.95,True,0.0035234529839242457,0.7294938917975567,4541
within/s01/d01_t01,s01,within-session,0.99,True,0.0008808632459810614,0.47876672484002325,4541
within/s01/d01_t02,s01,within-session,0.5,False,0.032696949747640994,0.9676206996241689,4557
within/s01/d01_t02,s01,within-session,0.55,True,0.028308097432521395,0.9612604799074878,4557
within/s01/d01_t02,s01,within-session,0.6,True,0.02326091727013386,0.955767562879445,4557
within/s01/d01_t02,s01,within-session,0.65,True,0.019530392802282203,0.9494073431627638,4557
within/s01/d01_t02,s01,within-session,0.7,True,0.015580425718674566,0.9389997108991038,4557
within/s01/d01_t02,s01,within-session,0.75,True,0.01184990125082291,0.9271465741543798,4557
within/s01/d01_t02,s01,within-session,0.8,True,0.008997147245995173,0.908644116796762,4557
within/s01/d01_t02,s01,within-session,0.85,True,0.005924950625411455,0.8829141370338248,4557
within/s01/d01_t02,s01,within-session,0.9,True,0.0028527540048277375,0.8456201214223764,4557
within/s01/d01_t02,s01,within-session,0.95,True,0.0017555409260478386,0.777103209019948,4557
within/s01/d01_t02,s01,within-session,0.99,True,0.00021944261575597982,0.5226944203527031,4557
within/s01/d02_t01,s01,within-session,0.5,False,0.017582417582417582,0.9710396756443672,4550
within/s01/d02_t01,s01,within-session,0.55,True,0.014725274725274726,0.9669852302345786,4550
within/s01/d02_t01,s01,within-session,0.6,True,0.012527472527472527,0.9643788010425717,4550
within/s01/d02_t01,s01,within-session,0.65,True,0.011428571428571429,0.9600347523892268,4550
within/s01/d02_t01,s01,within-session,0.7,True,0.009230769230769232,0.9530842745438749,4550
within/s01/d02_t01,s01,within-session,0.75,True,0.008131868131868131,0.9458441934549667,4550
within/s01/d02_t01,s01,within-session,0.8,True,0.006373626373626374,0.9403417318273964,4550
within/s01/d02_t01,s01,within-session,0.85,True,0.005494505494505495,0.9232551404575732,4550
within/s01/d02_t01,s01,within-session,0.9,True,0.0032967032967032967,0.9009556907037359,4550
within/s01/d02_t01,s01,within-session,0.95,True,0.0015384615384615385,0.8517231392991601,4550
within/s01/d02_t01,s01,within-session,0.99,True,0.00021978021978021978,0.6559513466550826,4550
within/s01/d02_t02,s01,within-session,0.5,False,0.013041556145004421,0.945611510791367,4524
within/s01/d02_t02,s01,within-session,0.55,True,0.010831122900088417,0.9398561151079137,4524
within/s01/d02_t02,s01,within-session,0.6,True,0.008841732979664015,0.9326618705035972,4524
within/s01/d02_t02,s01,within-session,0.65,True,0.007294429708222812,0.9225899280575539,4524
within/s01/d02_t02,s01,within-session,0.7,True,0.00618921308576481,0.9113669064748201,4524
within/s01/d02_t02,s01,within-session,0.75,True,0.004862953138815208,0.897841726618705,4524
within/s01/d02_t02,s01,within-session,0.8,True,0.004199823165340406,0.8831654676258993,4524
within/s01/d02_t02,s01,within-session,0.85,True,0.003094606542882405,0.8578417266187051,4524
within/s01/d02_t02,s01,within-session,0.9,True,0.0022104332449160036,0.8264748201438848,4524
within/s01/d02_t02,s01,within-session,0.95,True,0.000663129973474801,0.7623021582733813,4524
within/s01/d02_t02,s01,within-session,0.99,True,0.0,0.5565467625899281,4524
within/s01/d03_t01,s01,within-session,0.5,False,0.024109710241097104,0.9766878595216469,4521
within/s01/d03_t01,s01,within-session,0.55,True,0.022119000221190004,0.9751740841659098,4521
within/s01/d03_t01,s01,within-session,0.6,True,0.019907100199071003,0.971843778383288,4521
within/s01/d03_t01,s01,within-session,0.65,True,0.017695200176952003,0.9676052073872238,4521
within/s01/d03_t01,s01,within-session,0.7,True,0.015040920150409202,0.9597335755373902,4521
within/s01/d03_t01,s01,within-session,0.75,True,0.013271400132714002,0.9518619436875567,4521
within/s01/d03_t01,s01,within-session,0.8,True,0.0112806901128069,0.9412655161973963,4521
within/s01/d03_t01,s01,within-session,0.85,True,0.0092899800928998,0.9279442930669088,4521
within/s01/d03_t01,s01,within-session,0.9,True,0.0084052200840522,0.9079624583711777,4521
within/s01/d03_t01,s01,within-session,0.95,True,0.005972130059721301,0.859521646987587,4521
within/s01/d03_t01,s01,within-session,0.99,True,0.0022119000221190004,0.6930063578564941,4521
within/s01/d03_t02,s01,within-session,0.5,False,0.04403914590747331,0.9530445319600122,4496
within/s01/d03_t02,s01,within-session,0.55,True,0.03914590747330961,0.9439563768554984,4496
within/s01/d03_t02,s01,within-session,0.6,True,0.03558718861209965,0.9357770372614359,4496
within/s01/d03_t02,s01,within-session,0.65,True,0.029804270462633453,0.9245683126325356,4496
within/s01/d03_t02,s01,within-session,0.7,True,0.026467971530249112,0.9115419569827325,4496
within/s01/d03_t02,s01,within-session,0.75,True,0.023576512455516015,0.8982126628294457,4496
within/s01/d03_t02,s01,within-session,0.8,True,0.01935053380782918,0.8782187215995153,4496
within/s01/d03_t02,s01,within-session,0.85,True,0.014012455516014235,0.8497425022720387,4496
within/s01/d03_t02,s01,within-session,0.9,True,0.011565836298932384,0.8036958497425023,4496
within/s01/d03_t02,s01,within-session,0.95,True,0.005115658362989324,0.7146319297182672,4496
within/s01/d03_t02,s01,within-session,0.99,True,0.001112099644128114,0.4750075734625871,4496
within/s01/d04_t01,s01,within-session,0.5,False,0.044630720434979614,0.9843009478672986,4414
within/s01/d04_t01,s01,within-session,0.55,True,0.03942002718622564,0.9813388625592417,4414
within/s01/d04_t01,s01,within-session,0.6,True,0.03670140462165836,0.9765995260663507,4414
within/s01/d04_t01,s01,within-session,0.65,True,0.0348889895786135,0.9697867298578199,4414
within/s01/d04_t01,s01,within-session,0.7,True,0.03262347077480743,0.9620853080568721,4414
within/s01/d04_t01,s01,within-session,0.75,True,0.030131400090620753,0.9511255924170616,4414
within/s01/d04_t01,s01,within-session,0.8,True,0.028998640688717717,0.9369075829383886,4414
within/s01/d04_t01,s01,within-session,0.85,True,0.02650657000453104,0.9188388625592417,4414
within/s01/d04_t01,s01,within-session,0.9,True,0.02333484367920254,0.8904028436018957,4414
within/s01/d04_t01,s01,within-session,0.95,True,0.01812415043044857,0.8228672985781991,4414
within/s01/d04_t01,s01,within-session,0.99,True,0.01042138649750793,0.625,4414
within/s01/d04_t02,s01,within-session,0.5,False,0.03856562922868741,0.9322185727082711,4434
within/s01/d04_t02,s01,within-session,0.55,True,0.03270184934596301,0.9166915497163333,4434
within/s01/d04_t02,s01,within-session,0.6,True,0.02525935949481281,0.8996715437444013,4434
within/s01/d04_t02,s01,within-session,0.65,True,0.020072169598556608,0.8844431173484623,4434
within/s01/d04_t02,s01,within-session,0.7,True,0.015787099684258007,0.8620483726485518,4434
within/s01/d04_t02,s01,within-session,0.75,True,0.013757329724853405,0.8369662585846521,4434
within/s01/d04_t02,s01,within-session,0.8,True,0.009472259810554804,0.8071065989847716,4434
within/s01/d04_t02,s01,within-session,0.85,True,0.005638249887235002,0.7599283368169603,4434
within/s01/d04_t02,s01,within-session,0.9,True,0.0027063599458728013,0.6909525231412362,4434
within/s01/d04_t02,s01,within-session,0.95,True,0.0009021199819576004,0.5750970438936996,4434
within/s01/d04_t02,s01,within-session,0.99,True,0.0,0.2929232606748283,4434
within/s01/d05_t01,s01,within-session,0.5,False,0.03135349966880106,0.952744349867919,4529
within/s01/d05_t01,s01,within-session,0.55,True,0.026054316626186798,0.9442324625770473,4529
within/s01/d05_t01,s01,within-session,0.6,True,0.022963126517995144,0.9354270619313179,4529
within/s01/d05_t01,s01,within-session,0.65,True,0.019209538529476707,0.9201643674787203,4529
within/s01/d05_t01,s01,within-session,0.7,True,0.016118348421285053,0.9051951863809803,4529
within/s01/d05_t01,s01,within-session,0.75,True,0.012806359019651136,0.8881714117992369,4529
within/s01/d05_t01,s01,within-session,0.8,True,0.010819165378670788,0.863222776636337,4529
within/s01/d05_t01,s01,within-session,0.85,True,0.007286376683594612,0.8318168476665688,4529
within/s01/d05_t01,s01,within-session,0.9,True,0.00463678516228748,0.7848547108893454,4529
within/s01/d05_t01,s01,within-session,0.95,True,0.00044159858688452196,0.6903434106251835,4529
within/s01/d05_t01,s01,within-session,0.99,True,0.0,0.4458467860287643,4529
within/s01/d05_t02,s01,within-session,0.5,False,0.03775241439859526,0.973630831643002,4556
within/s01/d05_t02,s01,within-session,0.55,True,0.033582089552238806,0.9666763257026949,4556
within/s01/d05_t02,s01,within-session,0.6,True,0.030509218612818263,0.96030136192408,4556
within/s01/d05_t02,s01,within-session,0.65,True,0.024363476733977173,0.9527673138220806,4556
within/s01/d05_t02,s01,within-session,0.7,True,0.020851624231782266,0.9400173862648508,4556
within/s01/d05_t02,s01,within-session,0.75,True,0.017339771729587356,0.9249492900608519,4556
within/s01/d05_t02,s01,within-session,0.8,True,0.013388937664618086,0.9032164589973921,4556
within/s01/d05_t02,s01,within-session,0.85,True,0.01009657594381036,0.8759779773978557,4556
within/s01/d05_t02,s01,within-session,0.9,True,0.004828797190517998,0.8165749058243987,4556
within/s01/d05_t02,s01,within-session,0.95,True,0.0026338893766461808,0.7206606780643292,4556
within/s01/d05_t02,s01,within-session,0.99,True,0.0004389815627743635,0.4482758620689655,4556
within/s02/d01_t01,s02,within-session,0.5,False,0.010101010101010102,0.937731196054254,4554
within/s02/d01_t01,s02,within-session,0.55,True,0.00922266139657444,0.9306411837237978,4554
within/s02/d01_t01,s02,within-session,0.6,True,0.007905138339920948,0.9201602959309494,4554
within/s02/d01_t01,s02,within-session,0.65,True,0.007465963987703118,0.907213316892725,4554
within/s02/d01_t01,s02,within-session,0.7,True,0.007026789635485288,0.8924167694204685,4554
within/s02/d01_t01,s02,within-session,0.75,True,0.006587615283267457,0.8810110974106042,4554
within/s02/d01_t01,s02,within-session,0.8,True,0.006148440931049627,0.8603575832305795,4554
within/s02/d01_t01,s02,within-session,0.85,True,0.004830917874396135,0.8353884093711468,4554
within/s02/d01_t01,s02,within-session,0.9,True,0.00417215634606939,0.7962392108508015,4554
within/s02/d01_t01,s02,within-session,0.95,True,0.001756697408871322,0.7296547472256474,4554
within/s02/d01_t01,s02,within-session,0.99,True,0.00021958717610891525,0.5554870530209618,4554
within/s02/d01_t02,s02,within-session,0.5,False,0.025271558412768787,0.9340054995417049,4511
within/s02/d01_t02,s02,within-session,0.55,True,0.024163156727998226,0.9272838374579896,4511
within/s02/d01_t02,s02,within-session,0.6,True,0.021946353358457106,0.9190345249007027,4511
within/s02/d01_t02,s02,within-session,0.65,True,0.02039459099977832,0.9043690803544149,4511
within/s02/d01_t02,s02,within-session,0.7,True,0.019064508978053646,0.8933699969446991,4511
within/s02/d01_t02,s02,within-session,0.75,True,0.017956107293283084,0.8826764436296975,4511
within/s02/d01_t02,s02,within-session,0.8,True,0.01706938594546664,0.8695386495569813,4511
within/s02/d01_t02,s02,within-session,0.85,True,0.015517623586787852,0.846012832263978,4511
within/s02/d01_t02,s02,within-session,0.9,True,0.013965861228109066,0.8136266422242591,4511
within/s02/d01_t02,s02,within-session,0.95,True,0.012414098869430281,0.7534372135655362,4511
within/s02/d01_t02,s02,within-session,0.99,True,0.007537131456439814,0.5939505041246563,4511
within/s02/d02_t01,s02,within-session,0.5,False,0.02328646748681898,0.9546362339514979,4552
within/s02/d02_t01,s02,within-session,0.55,True,0.02240773286467487,0.950641940085592,4552
within/s02/d02_t01,s02,within-session,0.6,True,0.021748681898066783,0.946077032810271,4552
within/s02/d02_t01,s02,within-session,0.65,True,0.020650263620386643,0.9412268188302425,4552
within/s02/d02_t01,s02,within-session,0.7,True,0.020210896309314587,0.9366619115549215,4552
within/s02/d02_t01,s02,within-session,0.75,True,0.019551845342706504,0.929243937232525,4552
within/s02/d02_t01,s02,within-session,0.8,True,0.017794376098418278,0.922681883024251,4552
within/s02/d02_t01,s02,within-session,0.85,True,0.015597539543057997,0.9138373751783166,4552
within/s02/d02_t01,s02,within-session,0.9,True,0.013400702987697716,0.891583452211127,4552
within/s02/d02_t01,s02,within-session,0.95,True,0.011862917398945518,0.8553495007132668,4552
within/s02/d02_t01,s02,within-session,0.99,True,0.0057117750439367315,0.722111269614836,4552
within/s02/d02_t02,s02,within-session,0.5,False,0.10960960960960961,0.9626998223801065,666
within/s02/d02_t02,s02,within-session,0.55,True,0.0990990990990991,0.9502664298401421,666
within/s02/d02_t02,s02,within-session,0.6,True,0.08408408408408409,0.9360568383658969,666
within/s02/d02_t02,s02,within-session,0.65,True,0.06606606606606606,0.9200710479573713,666
within/s02/d02_t02,s02,within-session,0.7,True,0.04804804804804805,0.8952042628774423,666
within/s02/d02_t02,s02,within-session,0.75,True,0.03453453453453453,0.8507992895204263,666
within/s02/d02_t02,s02,within-session,0.8,True,0.02252252252252252,0.7939609236234458,666
within/s02/d02_t02,s02,within-session,0.85,True,0.015015015015015015,0.7104795737122558,666
within/s02/d02_t02,s02,within-session,0.9,True,0.0075075075075075074,0.5843694493783304,666
within/s02/d02_t02,s02,within-session,0.95,True,0.0,0.38543516873889877,666
within/s02/d02_t02,s02,within-session,0.99,True,0.0,0.0852575488454707,666
within/s02/d03_t01,s02,within-session,0.5,False,0.0028433945756780404,0.9560752994865944,4572
within/s02/d03_t01,s02,within-session,0.55,True,0.0028433945756780404,0.9509412435824302,4572
within/s02/d03_t01,s02,within-session,0.6,True,0.0028433945756780404,0.9463776383342841,4572
within/s02/d03_t01,s02,within-session,0.65,True,0.0028433945756780404,0.9412435824301197,4572
within/s02/d03_t01,s02,within-session,0.7,True,0.0026246719160104987,0.9355390758699372,4572
within/s02/d03_t01,s02,within-session,0.75,True,0.0026246719160104987,0.9289788933257274,4572
within/s02/d03_t01,s02,within-session,0.8,True,0.0026246719160104987,0.9175698802053622,4572
within/s02/d03_t01,s02,within-session,0.85,True,0.0026246719160104987,0.9078722190530519,4572
within/s02/d03_t01,s02,within-session,0.9,True,0.0026246719160104987,0.8870507701083856,4572
within/s02/d03_t01,s02,within-session,0.95,True,0.002405949256342957,0.8456930975470622,4572
within/s02/d03_t01,s02,within-session,0.99,True,0.0013123359580052493,0.6993725042783799,4572
within/s02/d03_t02,s02,within-session,0.5,False,0.015014351954073748,0.9518529325941056,4529
within/s02/d03_t02,s02,within-session,0.55,True,0.012364760432766615,0.9474759264662971,4529
within/s02/d03_t02,s02,within-session,0.6,True,0.010819165378670788,0.9401809162532827,4529
within/s02/d03_t02,s02,within-session,0.65,True,0.00927357032457496,0.9375547125765976,4529
within/s02/d03_t02,s02,within-session,0.7,True,0.007286376683594612,0.9308433031806245,4529
within/s02/d03_t02,s02,within-session,0.75,True,0.0061823802163833074,0.9247154946016924,4529
within/s02/d03_t02,s02,within-session,0.8,True,0.004857584455729742,0.9139188794864312,4529
within/s02/d03_t02,s02,within-session,0.85,True,0.003311989401633915,0.8999124598774438,4529
within/s02/d03_t02,s02,within-session,0.9,True,0.0026495915213071318,0.8824044353662095,4529
within/s02/d03_t02,s02,within-session,0.95,True,0.0017663943475380878,0.8476801867522614,4529
within/s02/d03_t02,s02,within-session,0.99,True,0.00044159858688452196,0.7119929967901955,4529
within/s02/d04_t01,s02,within-session,0.5,False,0.005494505494505495,0.9459378733572282,4550
within/s02/d04_t01,s02,within-session,0.55,True,0.005054945054945055,0.9432497013142175,4550
within/s02/d04_t01,s02,within-session,0.6,True,0.004835164835164835,0.94026284348865,4550
within/s02/d04_t01,s02,within-session,0.65,True,0.004615384615384616,0.9348864994026285,4550
within/s02/d04_t01,s02,within-session,0.7,True,0.003956043956043956,0.9286140979689367,4550
within/s02/d04_t01,s02,within-session,0.75,True,0.0037362637362637363,0.9226403823178017,4550
within/s02/d04_t01,s02,within-session,0.8,True,0.0032967032967032967,0.9175627240143369,4550
within/s02/d04_t01,s02,within-session,0.85,True,0.002857142857142857,0.9062126642771804,4550
within/s02/d04_t01,s02,within-session,0.9,True,0.0024175824175824176,0.8879928315412187,4550
within/s02/d04_t01,s02,within-session,0.95,True,0.001978021978021978,0.8473715651135006,4550
within/s02/d04_t01,s02,within-session,0.99,True,0.0006593406593406593,0.7087813620071685,4550
within/s02/d04_t02,s02,within-session,0.5,False,0.0028735632183908046,0.9596319382606114,4524
within/s02/d04_t02,s02,within-session,0.55,True,0.0015473032714412025,0.9551795785099436,4524
within/s02/d04_t02,s02,within-session,0.6,True,0.0008841732979664014,0.9489462748590086,4524
within/s02/d04_t02,s02,within-session,0.65,True,0.0004420866489832007,0.9400415553576729,4524
within/s02/d04_t02,s02,within-session,0.7,True,0.0004420866489832007,0.9308400118729593,4524
within/s02/d04_t02,s02,within-session,0.75,True,0.00022104332449160034,0.9219352923716236,4524
within/s02/d04_t02,s02,within-session,0.8,True,0.00022104332449160034,0.9029385574354408,4524
within/s02/d04_t02,s02,within-session,0.85,True,0.0,0.8815672306322351,4524
within/s02/d04_t02,s02,within-session,0.9,True,0.0,0.8483229444939151,4524
within/s02/d04_t02,s02,within-session,0.95,True,0.0,0.7963787474027901,4524
within/s02/d04_t02,s02,within-session,0.99,True,0.0,0.6696349065004452,4524
within/s02/d05_t01,s02,within-session,0.5,False,0.009016934242357598,0.9411593358578503,4547
within/s02/d05_t01,s02,within-session,0.55,True,0.00725753243897075,0.9370812700262161,4547
within/s02/d05_t01,s02,within-session,0.6,True,0.006597756762700682,0.9277599766967667,4547
within/s02/d05_t01,s02,within-session,0.65,True,0.004618429733890477,0.9143606175356831,4547
within/s02/d05_t01,s02,within-session,0.7,True,0.003738728832197053,0.9015438392076901,4547
within/s02/d05_t01,s02,within-session,0.75,True,0.003738728832197053,0.8858141567142441,4547
within/s02/d05_t01,s02,within-session,0.8,True,0.002419177479656917,0.8645499563064375,4547
within/s02/d05_t01,s02,within-session,0.85,True,0.0019793270288102046,0.8435770463151763,4547
within/s02/d05_t01,s02,within-session,0.9,True,0.0010996261271167802,0.7931838042528401,4547
within/s02/d05_t01,s02,within-session,0.95,True,0.0006597756762700682,0.7183221672006991,4547
within/s02/d05_t01,s02,within-session,0.99,True,0.00021992522542335605,0.5138362947859015,4547
within/s02/d05_t02,s02,within-session,0.5,False,0.01966850828729282,0.9348534201954397,4525
within/s02/d05_t02,s02,within-session,0.55,True,0.01878453038674033,0.9280426413976902,4525
within/s02/d05_t02,s02,within-session,0.6,True,0.01701657458563536,0.9238969499555819,4525
within/s02/d05_t02,s02,within-session,0.65,True,0.015911602209944753,0.9173822919751259,4525
within/s02/d05_t02,s02,within-session,0.7,True,0.014143646408839779,0.9087947882736156,4525
within/s02/d05_t02,s02,within-session,0.75,True,0.013038674033149171,0.9013917678412793,4525
within/s02/d05_t02,s02,within-session,0.8,True,0.01149171270718232,0.8883624518803672,4525
within/s02/d05_t02,s02,within-session,0.85,True,0.010607734806629835,0.8735564110156944,4525
within/s02/d05_t02,s02,within-session,0.9,True,0.009281767955801105,0.8534201954397395,4525
within/s02/d05_t02,s02,within-session,0.95,True,0.006850828729281768,0.8143322475570033,4525
within/s02/d05_t02,s02,within-session,0.99,True,0.0017679558011049724,0.7157240153982825,4525
cross-session/s01/d01_t02,s01,cross-session,0.5,False,0.04492902092785014,0.9453499520613614,13666
cross-session/s01/d01_t02,s01,cross-session,0.55,True,0.04053856285672472,0.936816874400767,13666
cross-session/s01/d01_t02,s01,cross-session,0.6,True,0.03570905897848676,0.9248322147651007,13666
cross-session/s01/d01_t02,s01,cross-session,0.65,True,0.03102590370261964,0.9105465004793863,13666
cross-session/s01/d01_t02,s01,cross-session,0.7,True,0.02568417971608371,0.8939597315436242,13666
cross-session/s01/d01_t02,s01,cross-session,0.75,True,0.02107419874140202,0.8737296260786194,13666
cross-session/s01/d01_t02,s01,cross-session,0.8,True,0.016391043465534903,0.8469798657718121,13666
cross-session/s01/d01_t02,s01,cross-session,0.85,True,0.011781062490853212,0.8141898370086289,13666
cross-session/s01/d01_t02,s01,cross-session,0.9,True,0.007610127323284062,0.7522531160115052,13666
cross-session/s01/d01_t02,s01,cross-session,0.95,True,0.003951412264012879,0.6472674976030681,13666
cross-session/s01/d01_t02,s01,cross-session,0.99,True,0.00043904580711254205,0.39884947267497606,13666
cross-session/s01/d02_t01,s01,cross-session,0.5,False,0.022334876203071046,0.9404370527944305,13611
cross-session/s01/d02_t01,s01,cross-session,0.55,True,0.019543016677687163,0.9308644362792496,13611
cross-session/s01/d02_t01,s01,cross-session,0.6,True,0.016677687164793183,0.9192612647456971,13611
cross-session/s01/d02_t01,s01,cross-session,0.65,True,0.014620527514510323,0.90717462773158,13611
cross-session/s01/d02_t01,s01,cross-session,0.7,True,0.012489897876717362,0.8866756913556372,13611
cross-session/s01/d02_t01,s01,cross-session,0.75,True,0.010138858276394092,0.8661767549796945,13611
cross-session/s01/d02_t01,s01,cross-session,0.8,True,0.008375578576151642,0.8365886675691355,13611
cross-session/s01/d02_t01,s01,cross-session,0.85,True,0.006244948938358681,0.7963643395861536,13611
cross-session/s01/d02_t01,s01,cross-session,0.9,True,0.004261259275585923,0.730806420421582,13611
cross-session/s01/d02_t01,s01,cross-session,0.95,True,0.0025714495628535745,0.6032682266486172,13611
cross-session/s01/d02_t01,s01,cross-session,0.99,True,0.0006612298875909191,0.30342293560239797,13611
cross-session/s01/d02_t02,s01,cross-session,0.5,False,0.053506762249648954,0.9635214007782101,13531
cross-session/s01/d02_t02,s01,cross-session,0.55,True,0.04907250018476092,0.9546692607003892,13531
cross-session/s01/d02_t02,s01,cross-session,0.6,True,0.04530337742960609,0.9457198443579766,13531
cross-session/s01/d02_t02,s01,cross-session,0.65,True,0.041164732835710593,0.935408560311284,13531
cross-session/s01/d02_t02,s01,cross-session,0.7,True,0.03687827950631882,0.921692607003891,13531
cross-session/s01/d02_t02,s01,cross-session,0.75,True,0.032370113073682656,0.9028210116731518,13531
cross-session/s01/d02_t02,s01,cross-session,0.8,True,0.028009755376542753,0.8817120622568093,13531
cross-session/s01/d02_t02,s01,cross-session,0.85,True,0.02320597147291405,0.8456225680933852,13531
cross-session/s01/d02_t02,s01,cross-session,0.9,True,0.01758923952405587,0.7950389105058365,13531
cross-session/s01/d02_t02,s01,cross-session,0.95,True,0.010863942058975685,0.6910505836575875,13531
cross-session/s01/d02_t02,s01,cross-session,0.99,True,0.0021432266646958836,0.43142023346303504,13531
cross-session/s01/d03_t01,s01,cross-session,0.5,False,0.023727065065212587,0.9291770573566085,13571
cross-session/s01/d03_t01,s01,cross-session,0.55,True,0.021000663178837226,0.9148129675810474,13571
cross-session/s01/d03_t01,s01,cross-session,0.6,True,0.01930587281703633,0.8962593516209476,13571
cross-session/s01/d03_t01,s01,cross-session,0.65,True,0.01724264976788741,0.8803990024937656,13571
cross-session/s01/d03_t01,s01,cross-session,0.7,True,0.014147815194164026,0.8562593516209477,13571
cross-session/s01/d03_t01,s01,cross-session,0.75,True,0.011863532532606294,0.8257356608478803,13571
cross-session/s01/d03_t01,s01,cross-session,0.8,True,0.009726622945987768,0.7892269326683292,13571
cross-session/s01/d03_t01,s01,cross-session,0.85,True,0.007000221059612409,0.7397506234413965,13571
cross-session/s01/d03_t01,s01,cross-session,0.9,True,0.00478962493552428,0.6651371571072319,13571
cross-session/s01/d03_t01,s01,cross-session,0.95,True,0.002947461498784172,0.5319700748129675,13571
cross-session/s01/d03_t01,s01,cross-session,0.99,True,0.0005158057622872301,0.2541645885286783,13571
cross-session/s01/d03_t02,s01,cross-session,0.5,False,0.03377483443708609,0.9362808842652796,13590
cross-session/s01/d03_t02,s01,cross-session,0.55,True,0.030242825607064018,0.9249774932479744,13590
cross-session/s01/d03_t02,s01,cross-session,0.6,True,0.025974981604120678,0.9107732319695909,13590
cross-session/s01/d03_t02,s01,cross-session,0.65,True,0.022442972774098603,0.8945683705111533,13590
cross-session/s01/d03_t02,s01,cross-session,0.7,True,0.01972038263428992,0.873962188656597,13590
cross-session/s01/d03_t02,s01,cross-session,0.75,True,0.01736571008094187,0.8509552865859757,13590
cross-session/s01/d03_t02,s01,cross-session,0.8,True,0.014054451802796174,0.8257477243172952,13590
cross-session/s01/d03_t02,s01,cross-session,0.85,True,0.011626195732155998,0.7851355406621987,13590
cross-session/s01/d03_t02,s01,cross-session,0.9,True,0.008094186902133923,0.7274182254676403,13590
cross-session/s01/d03_t02,s01,cross-session,0.95,True,0.0041206769683590876,0.6177853356006802,13590
cross-session/s01/d03_t02,s01,cross-session,0.99,True,0.001839587932303164,0.37401220366109833,13590
cross-session/s01/d04_t01,s01,cross-session,0.5,False,0.020103170990744955,0.9290695357640965,13182
cross-session/s01/d04_t01,s01,cross-session,0.55,True,0.018206645425580335,0.9146244271767284,13182
cross-session/s01/d04_t01,s01,cross-session,0.6,True,0.015779092702169626,0.9003785614664276,13182
cross-session/s01/d04_t01,s01,cross-session,0.65,True,0.013958428159611591,0.8815501095835824,13182
cross-session/s01/d04_t01,s01,cross-session,0.7,True,0.012137763617053559,0.8594341502291293,13182
cross-session/s01/d04_t01,s01,cross-session,0.75,True,0.00963434987103626,0.8327356047021319,13182
cross-session/s01/d04_t01,s01,cross-session,0.8,True,0.00879987862236383,0.7964734010759116,13182
cross-session/s01/d04_t01,s01,cross-session,0.85,True,0.007813685328478228,0.7514445108587368,13182
cross-session/s01/d04_t01,s01,cross-session,0.9,True,0.00576543771810044,0.6816098824467025,13182
cross-session/s01/d04_t01,s01,cross-session,0.95,True,0.0034137460172963133,0.5625622633990834,13182
cross-session/s01/d04_t01,s01,cross-session,0.99,True,0.0006827492034592626,0.3009563658099223,13182
cross-session/s01/d04_t02,s01,cross-session,0.5,False,0.0641399416909621,0.906974450034527,13377
cross-session/s01/d04_t02,s01,cross-session,0.55,True,0.05778575166330269,0.8877379895432573,13377
cross-session/s01/d04_t02,s01,cross-session,0.6,True,0.052403378933991177,0.8667258557758706,13377
cross-session/s01/d04_t02,s01,cross-session,0.65,True,0.046123944083127755,0.8420637269409096,13377
cross-session/s01/d04_t02,s01,cross-session,0.7,True,0.04074157135381625,0.8134556574923547,13377
cross-session/s01/d04_t02,s01,cross-session,0.75,True,0.034835912386932795,0.7767584097859327,13377
cross-session/s01/d04_t02,s01,cross-session,0.8,True,0.028182701652089408,0.7333530630364014,13377
cross-session/s01/d04_t02,s01,cross-session,0.85,True,0.023024594453165882,0.675939627108612,13377
cross-session/s01/d04_t02,s01,cross-session,0.9,True,0.017343201016670404,0.5990924336588734,13377
cross-session/s01/d04_t02,s01,cross-session,0.95,True,0.009419152276295133,0.46877774489493934,13377
cross-session/s01/d04_t02,s01,cross-session,0.99,True,0.0020931449502878076,0.2085429614284305,13377
cross-session/s01/d05_t01,s01,cross-session,0.5,False,0.024663181918574688,0.8896193092621664,13583
cross-session/s01/d05_t01,s01,cross-session,0.55,True,0.021718324376058307,0.8730376766091051,13583
cross-session/s01/d05_t01,s01,cross-session,0.6,True,0.018994331149230655,0.856063579277865,13583
cross-session/s01/d05_t01,s01,cross-session,0.65,True,0.016123095045277185,0.8379120879120879,13583
cross-session/s01/d05_t01,s01,cross-session,0.7,True,0.013030994625634985,0.8127943485086342,13583
cross-session/s01/d05_t01,s01,cross-session,0.75,True,0.011116837222999337,0.7849293563579278,13583
cross-session/s01/d05_t01,s01,cross-session,0.8,True,0.008613708311860414,0.7509811616954474,13583
cross-session/s01/d05_t01,s01,cross-session,0.85,True,0.005595229330781123,0.7084968602825745,13583
cross-session/s01/d05_t01,s01,cross-session,0.9,True,0.0036074504895825667,0.6458006279434851,13583
cross-session/s01/d05_t01,s01,cross-session,0.95,True,0.0016932930869469189,0.5389521193092621,13583
cross-session/s01/d05_t01,s01,cross-session,0.99,True,0.0003681071928145476,0.30062794348508637,13583
cross-session/s01/d05_t02,s01,cross-session,0.5,False,0.049750513648371,0.9571387199536635,13628
cross-session/s01/d05_t02,s01,cross-session,0.55,True,0.04586146169650719,0.9495125012066802,13628
cross-session/s01/d05_t02,s01,cross-session,0.6,True,0.04175227472850015,0.9404382662419153,13628
cross-session/s01/d05_t02,s01,cross-session,0.65,True,0.0363222776636337,0.9301090838884062,13628
cross-session/s01/d05_t02,s01,cross-session,0.7,True,0.03206633401819783,0.9183318853171155,13628
cross-session/s01/d05_t02,s01,cross-session,0.75,True,0.02817728206633402,0.9014383627763297,13628
cross-session/s01/d05_t02,s01,cross-session,0.8,True,0.023554446727326095,0.8824210831161309,13628
cross-session/s01/d05_t02,s01,cross-session,0.85,True,0.01841796301731729,0.8517231392991601,13628
cross-session/s01/d05_t02,s01,cross-session,0.9,True,0.013941884355738185,0.807413843035042,13628
cross-session/s01/d05_t02,s01,cross-session,0.95,True,0.008878778984443792,0.7126170479776041,13628
cross-session/s01/d05_t02,s01,cross-session,0.99,True,0.0035221602582917524,0.43923158606043056,13628
cross-session/s02/d01_t02,s02,cross-session,0.5,False,0.013160797000220572,0.9182677949228472,13601
cross-session/s02/d01_t02,s02,cross-session,0.55,True,0.012572604955517977,0.910801393728223,13601
cross-session/s02/d01_t02,s02,cross-session,0.6,True,0.011763840894051908,0.9010452961672474,13601
cross-session/s02/d01_t02,s02,cross-session,0.65,True,0.011396220866112786,0.8908909905425585,13601
cross-session/s02/d01_t02,s02,cross-session,0.7,True,0.011028600838173664,0.880537580886013,13601
cross-session/s02/d01_t02,s02,cross-session,0.75,True,0.010366884787883245,0.8691886510701842,13601
cross-session/s02/d01_t02,s02,cross-session,0.8,True,0.009925740754356297,0.8531607765057242,13601
cross-session/s02/d01_t02,s02,cross-session,0.85,True,0.009411072715241527,0.8319561971129915,13601
cross-session/s02/d01_t02,s02,cross-session,0.9,True,0.008602308653775457,0.8,13601
cross-session/s02/d01_t02,s02,cross-session,0.95,True,0.007867068597897214,0.7452463912394226,13601
cross-session/s02/d01_t02,s02,cross-session,0.99,True,0.005955444452613779,0.6290691886510702,13601
cross-session/s02/d02_t01,s02,cross-session,0.5,False,0.005511868891011979,0.8734201273401121,13607
cross-session/s02/d02_t01,s02,cross-session,0.55,True,0.005217902550158007,0.861541385536444,13607
cross-session/s02/d02_t01,s02,cross-session,0.6,True,0.004850444624090542,0.8484272545851943,13607
cross-session/s02/d02_t01,s02,cross-session,0.65,True,0.004703461453663555,0.8343628242896513,13607
cross-session/s02/d02_t01,s02,cross-session,0.7,True,0.004409495112809583,0.8159270170103583,13607
cross-session/s02/d02_t01,s02,cross-session,0.75,True,0.004042037186742118,0.7945452817637556,13607
cross-session/s02/d02_t01,s02,cross-session,0.8,True,0.00360108767546116,0.7686021096645443,13607
cross-session/s02/d02_t01,s02,cross-session,0.85,True,0.0030131549937532152,0.7332509740568279,13607
cross-session/s02/d02_t01,s02,cross-session,0.9,True,0.0025722054824722567,0.6877316354651716,13607
cross-session/s02/d02_t01,s02,cross-session,0.95,True,0.0019107812155508194,0.6174094839874561,13607
cross-session/s02/d02_t01,s02,cross-session,0.99,True,0.0008084074373484236,0.4524375178181127,13607
cross-session/s02/d02_t02,s02,cross-session,0.5,False,0.042879019908116385,0.5858585858585859,1959
cross-session/s02/d02_t02,s02,cross-session,0.55,True,0.03828483920367534,0.5442661913250149,1959
cross-session/s02/d02_t02,s02,cross-session,0.6,True,0.03266972945380296,0.5026737967914439,1959
cross-session/s02/d02_t02,s02,cross-session,0.65,True,0.02909647779479326,0.46286393345216875,1959
cross-session/s02/d02_t02,s02,cross-session,0.7,True,0.027054619703930576,0.42543077837195487,1959
cross-session/s02/d02_t02,s02,cross-session,0.75,True,0.02399183256763655,0.3790849673202614,1959
cross-session/s02/d02_t02,s02,cross-session,0.8,True,0.021949974476773864,0.33986928104575165,1959
cross-session/s02/d02_t02,s02,cross-session,0.85,True,0.018376722817764167,0.29233511586452765,1959
cross-session/s02/d02_t02,s02,cross-session,0.9,True,0.014293006636038795,0.24183006535947713,1959
cross-session/s02/d02_t02,s02,cross-session,0.95,True,0.009188361408882083,0.19964349376114082,1959
cross-session/s02/d02_t02,s02,cross-session,0.99,True,0.002552322613578356,0.1265597147950089,1959
cross-session/s02/d03_t01,s02,cross-session,0.5,False,0.002049030369557263,0.8980776551199087,13665
cross-session/s02/d03_t01,s02,cross-session,0.55,True,0.0018294914013904135,0.8849448039588884,13665
cross-session/s02/d03_t01,s02,cross-session,0.6,True,0.0016831320892791803,0.8713361248572516,13665
cross-session/s02/d03_t01,s02,cross-session,0.65,True,0.0016099524332235638,0.8547773125237914,13665
cross-session/s02/d03_t01,s02,cross-session,0.7,True,0.0013172338090010978,0.8396459840121812,13665
cross-session/s02/d03_t01,s02,cross-session,0.75,True,0.0010976948408342481,0.8172820708031976,13665
cross-session/s02/d03_t01,s02,cross-session,0.8,True,0.0010976948408342481,0.7890178911305672,13665
cross-session/s02/d03_t01,s02,cross-session,0.85,True,0.0008781558726673985,0.7523791397030833,13665
cross-session/s02/d03_t01,s02,cross-session,0.9,True,0.0006586169045005489,0.6978492577084127,13665
cross-session/s02/d03_t01,s02,cross-session,0.95,True,0.0004390779363336992,0.6094404263418348,13665
cross-session/s02/d03_t01,s02,cross-session,0.99,True,0.0002195389681668496,0.40978302245907877,13665
cross-session/s02/d03_t02,s02,cross-session,0.5,False,0.0013266509433962263,0.8702194958305377,13568
cross-session/s02/d03_t02,s02,cross-session,0.55,True,0.0011792452830188679,0.8589092303268475,13568
cross-session/s02/d03_t02,s02,cross-session,0.6,True,0.0010318396226415094,0.8424230806096041,13568
cross-session/s02/d03_t02,s02,cross-session,0.65,True,0.0008107311320754717,0.8268954279689447,13568
cross-session/s02/d03_t02,s02,cross-session,0.7,True,0.0006633254716981132,0.8086839835138503,13568
cross-session/s02/d03_t02,s02,cross-session,0.75,True,0.0005159198113207547,0.7893223425668552,13568
cross-session/s02/d03_t02,s02,cross-session,0.8,True,0.0005159198113207547,0.7654557653599157,13568
cross-session/s02/d03_t02,s02,cross-session,0.85,True,0.0005159198113207547,0.7379468992619572,13568
cross-session/s02/d03_t02,s02,cross-session,0.9,True,0.00036851415094339625,0.7040161027508867,13568
cross-session/s02/d03_t02,s02,cross-session,0.95,True,0.00029481132075471697,0.6474647752324355,13568
cross-session/s02/d03_t02,s02,cross-session,0.99,True,0.0,0.5114540400651778,13568
cross-session/s02/d04_t01,s02,cross-session,0.5,False,0.013726785583204873,0.9130392060528643,13623
cross-session/s02/d04_t01,s02,cross-session,0.55,True,0.01152462746825222,0.907241819789722,13623
cross-session/s02/d04_t01,s02,cross-session,0.6,True,0.009542685164794833,0.9002653041171269,13623
cross-session/s02/d04_t01,s02,cross-session,0.65,True,0.007854363943331132,0.8917166158985949,13623
cross-session/s02/d04_t01,s02,cross-session,0.7,True,0.006312853262864274,0.8838557531689103,13623
cross-session/s02/d04_t01,s02,cross-session,0.75,True,0.004037289877413198,0.8736366316203203,13623
cross-session/s02/d04_t01,s02,cross-session,0.8,True,0.003009616090435293,0.8598801218433723,13623
cross-session/s02/d04_t01,s02,cross-session,0.85,True,0.002422373926447919,0.8411123120762504,13623
cross-session/s02/d04_t01,s02,cross-session,0.9,True,0.0017617264919621229,0.8158592905571387,13623
cross-session/s02/d04_t01,s02,cross-session,0.95,True,0.0014681054099684356,0.7704628082932102,13623
cross-session/s02/d04_t01,s02,cross-session,0.99,True,0.0011744843279747486,0.6464576987324359,13623
cross-session/s02/d04_t02,s02,cross-session,0.5,False,0.0006629345904537419,0.90651475314052,13576
cross-session/s02/d04_t02,s02,cross-session,0.55,True,0.00044195639363582795,0.8941474340247346,13576
cross-session/s02/d04_t02,s02,cross-session,0.6,True,0.0002946375957572186,0.8818774953744279,13576
cross-session/s02/d04_t02,s02,cross-session,0.65,True,0.00022097819681791397,0.8688285130002922,13576
cross-session/s02/d04_t02,s02,cross-session,0.7,True,7.365939893930465e-05,0.8549031064368487,13576
cross-session/s02/d04_t02,s02,cross-session,0.75,True,0.0,0.8384458077709611,13576
cross-session/s02/d04_t02,s02,cross-session,0.8,True,0.0,0.8204304216574155,13576
cross-session/s02/d04_t02,s02,cross-session,0.85,True,0.0,0.7967669685461096,13576
cross-session/s02/d04_t02,s02,cross-session,0.9,True,0.0,0.7693056772811374,13576
cross-session/s02/d04_t02,s02,cross-session,0.95,True,0.0,0.725776609212192,13576
cross-session/s02/d04_t02,s02,cross-session,0.99,True,0.0,0.6366734832992502,13576
cross-session/s02/d05_t01,s02,cross-session,0.5,False,0.00580754245387047,0.8715314450312049,13603
cross-session/s02/d05_t01,s02,cross-session,0.55,True,0.004557818128354039,0.8602976476236198,13603
cross-session/s02/d05_t01,s02,cross-session,0.6,True,0.003822686172167904,0.8470475276044167,13603
cross-session/s02/d05_t01,s02,cross-session,0.65,True,0.0033816069984562228,0.8322611617858857,13603
cross-session/s02/d05_t01,s02,cross-session,0.7,True,0.003014041020363155,0.8134421507441191,13603
cross-session/s02/d05_t01,s02,cross-session,0.75,True,0.002352422259795633,0.7968314930388862,13603
cross-session/s02/d05_t01,s02,cross-session,0.8,True,0.0019848562817025655,0.7758041286605857,13603
cross-session/s02/d05_t01,s02,cross-session,0.85,True,0.001764316694846725,0.7491118578972635,13603
cross-session/s02/d05_t01,s02,cross-session,0.9,True,0.0015437771079908843,0.7138742198751801,13603
cross-session/s02/d05_t01,s02,cross-session,0.95,True,0.0007351319561861355,0.6579932789246279,13603
cross-session/s02/d05_t01,s02,cross-session,0.99,True,0.00029405278247445415,0.5519923187710034,13603
cross-session/s02/d05_t02,s02,cross-session,0.5,False,0.0018364798354514066,0.8936212558463529,13613
cross-session/s02/d05_t02,s02,cross-session,0.55,True,0.0014691838683611254,0.8838690416956911,13613
cross-session/s02/d05_t02,s02,cross-session,0.6,True,0.0012488062881069566,0.8725246293163499,13613
cross-session/s02/d05_t02,s02,cross-session,0.65,True,0.0010284287078527877,0.8582943576475272,13613
cross-session/s02/d05_t02,s02,cross-session,0.7,True,0.000808051127598619,0.8430689620857796,13613
cross-session/s02/d05_t02,s02,cross-session,0.75,True,0.0007345919341805627,0.8261518559060603,13613
cross-session/s02/d05_t02,s02,cross-session,0.8,True,0.0006611327407625064,0.8097323116728032,13613
cross-session/s02/d05_t02,s02,cross-session,0.85,True,0.0005876735473444502,0.7867449497462434,13613
cross-session/s02/d05_t02,s02,cross-session,0.9,True,0.0002203775802541688,0.7587819683550602,13613
cross-session/s02/d05_t02,s02,cross-session,0.95,True,7.345919341805627e-05,0.7047467409692507,13613
cross-session/s02/d05_t02,s02,cross-session,0.99,True,0.0,0.5723952632102697,13613
