split,subject,protocol,tau,gated,coverage,selective_risk,n_windows
within/s01/d01_t01,s01,within-session,0.5,False,1.0,0.05505395287381634,4541
within/s01/d01_t01,s01,within-session,0.55,True,0.9889892094252367,0.05076820307281229,4541
within/s01/d01_t01,s01,within-session,0.6,True,0.9735741026205682,0.045238633793259445,4541
within/s01/d01_t01,s01,within-session,0.65,True,0.9590398590618806,0.04087256027554535,4541
within/s01/d01_t01,s01,within-session,0.7,True,0.9378991411583352,0.03451514440009392,4541
within/s01/d01_t01,s01,within-session,0.75,True,0.9141158335168466,0.030595037340399905,4541
within/s01/d01_t01,s01,within-session,0.8,True,0.8859282096454525,0.024857071836937607,4541
within/s01/d01_t01,s01,within-session,0.85,True,0.8495926007487338,0.021513737687921204,4541
within/s01/d01_t01,s01,within-session,0.9,True,0.7985025324818322,0.017926089354660783,4541
within/s01/d01_t01,s01,within-session,0.95,True,0.6897159216031711,0.011174968071519796,4541
within/s01/d01_t01,s01,within-session,0.99,True,0.4234750055053953,0.0046801872074883,4541
within/s01/d01_t02,s01,within-session,0.5,False,1.0,0.05727452271231073,4557
within/s01/d01_t02,s01,within-session,0.55,True,0.9833223612025456,0.051104664137469315,4557
within/s01/d01_t02,s01,within-session,0.6,True,0.967741935483871,0.04421768707482993,4557
within/s01/d01_t02,s01,within-session,0.65,True,0.9493087557603687,0.03698566805362922,4557
within/s01/d01_t02,s01,within-session,0.7,True,0.9286811498793066,0.030954631379962193,4557
within/s01/d01_t02,s01,within-session,0.75,True,0.9038841342988808,0.024763292061179897,4557
within/s01/d01_t02,s01,within-session,0.8,True,0.8749177090190915,0.020316027088036117,4557
within/s01/d01_t02,s01,within-session,0.85,True,0.8341013824884793,0.014206787687450671,4557
within/s01/d01_t02,s01,within-session,0.9,True,0.7768268597761685,0.00903954802259887,4557
within/s01/d01_t02,s01,within-session,0.95,True,0.6943164362519201,0.006321112515802781,4557
within/s01/d01_t02,s01,within-session,0.99,True,0.43427693658108407,0.0015159171298635675,4557
within/s01/d02_t01,s01,within-session,0.5,False,1.0,0.03956043956043956,4550
within/s01/d02_t01,s01,within-session,0.55,True,0.9874725274725275,0.0342755397284665,4550
within/s01/d02_t01,s01,within-session,0.6,True,0.9786813186813187,0.030316640467100833,4550
within/s01/d02_t01,s01,within-session,0.65,True,0.9672527472527472,0.027039309247898206,4550
within/s01/d02_t01,s01,within-session,0.7,True,0.9538461538461539,0.022119815668202765,4550
within/s01/d02_t01,s01,within-session,0.75,True,0.9419780219780219,0.019132057862809144,4550
within/s01/d02_t01,s01,within-session,0.8,True,0.9281318681318681,0.01586549846080985,4550
within/s01/d02_t01,s01,within-session,0.85,True,0.9052747252747253,0.013838310269482883,4550
within/s01/d02_t01,s01,within-session,0.9,True,0.8725274725274725,0.00982367758186398,4550
within/s01/d02_t01,s01,within-session,0.95,True,0.8079120879120879,0.006800870511425462,4550
within/s01/d02_t01,s01,within-session,0.99,True,0.5879120879120879,0.00411214953271028,4550
within/s01/d02_t02,s01,within-session,0.5,False,1.0,0.05481874447391689,4524
within/s01/d02_t02,s01,within-session,0.55,True,0.9858532272325375,0.04865470852017937,4524
within/s01/d02_t02,s01,within-session,0.6,True,0.9725906277630415,0.04318181818181818,4524
within/s01/d02_t02,s01,within-session,0.65,True,0.9549071618037135,0.037037037037037035,4524
within/s01/d02_t02,s01,within-session,0.7,True,0.9370026525198939,0.032083038452465205,4524
within/s01/d02_t02,s01,within-session,0.75,True,0.9148983200707339,0.02585165498912781,4524
within/s01/d02_t02,s01,within-session,0.8,True,0.8938992042440318,0.023491592482690407,4524
within/s01/d02_t02,s01,within-session,0.85,True,0.8583112290008842,0.018799896986865825,4524
within/s01/d02_t02,s01,within-session,0.9,True,0.8156498673740054,0.014092140921409214,4524
within/s01/d02_t02,s01,within-session,0.95,True,0.7380636604774535,0.006888289907157832,4524
within/s01/d02_t02,s01,within-session,0.99,True,0.5075154730327144,0.00043554006968641115,4524
within/s01/d03_t01,s01,within-session,0.5,False,1.0,0.0411413404114134,4521
within/s01/d03_t01,s01,within-session,0.55,True,0.9907100199071002,0.037954900647465956,4521
within/s01/d03_t01,s01,within-session,0.6,True,0.9781021897810219,0.03324287652645862,4521
within/s01/d03_t01,s01,within-session,0.65,True,0.9666003096660031,0.029748283752860413,4521
within/s01/d03_t01,s01,within-session,0.7,True,0.9502322495023225,0.02397579143389199,4521
within/s01/d03_t01,s01,within-session,0.75,True,0.935633709356337,0.02198581560283688,4521
within/s01/d03_t01,s01,within-session,0.8,True,0.915947799159478,0.017870079690895917,4521
within/s01/d03_t01,s01,within-session,0.85,True,0.8918380889183809,0.014384920634920634,4521
within/s01/d03_t01,s01,within-session,0.9,True,0.8604291086042911,0.012596401028277636,4521
within/s01/d03_t01,s01,within-session,0.95,True,0.7956204379562044,0.008618293021962747,4521
within/s01/d03_t01,s01,within-session,0.99,True,0.6087148860871489,0.003633720930232558,4521
within/s01/d03_t02,s01,within-session,0.5,False,1.0,0.07851423487544484,4496
within/s01/d03_t02,s01,within-session,0.55,True,0.9768683274021353,0.07081056466302368,4496
within/s01/d03_t02,s01,within-session,0.6,True,0.9584074733096085,0.06405198421907635,4496
within/s01/d03_t02,s01,within-session,0.65,True,0.9354982206405694,0.05587256300523062,4496
within/s01/d03_t02,s01,within-session,0.7,True,0.9137010676156584,0.05038948393378773,4496
within/s01/d03_t02,s01,within-session,0.75,True,0.8890124555160143,0.04453340005003753,4496
within/s01/d03_t02,s01,within-session,0.8,True,0.8545373665480427,0.03617907339927121,4496
within/s01/d03_t02,s01,within-session,0.85,True,0.8138345195729537,0.027329871549603715,4496
within/s01/d03_t02,s01,within-session,0.9,True,0.7584519572953736,0.021407624633431085,4496
within/s01/d03_t02,s01,within-session,0.95,True,0.6508007117437722,0.00888585099111415,4496
within/s01/d03_t02,s01,within-session,0.99,True,0.4025800711743772,0.0033149171270718232,4496
within/s01/d04_t01,s01,within-session,0.5,False,1.0,0.05663797009515179,4414
within/s01/d04_t01,s01,within-session,0.55,True,0.9859537834164024,0.04986213235294118,4414
within/s01/d04_t01,s01,within-session,0.6,True,0.9725872224739466,0.04635453063126019,4414
within/s01/d04_t01,s01,within-session,0.65,True,0.9596737652922519,0.04367327667610954,4414
within/s01/d04_t01,s01,within-session,0.7,True,0.9454009968282737,0.040258806613946804,4414
within/s01/d04_t01,s01,within-session,0.75,True,0.9275033982782057,0.03663898387884709,4414
within/s01/d04_t01,s01,within-session,0.8,True,0.9064340734028092,0.03499125218695326,4414
within/s01/d04_t01,s01,within-session,0.85,True,0.8824195740824649,0.03209242618741977,4414
within/s01/d04_t01,s01,within-session,0.9,True,0.8450385138196647,0.029222520107238605,4414
within/s01/d04_t01,s01,within-session,0.95,True,0.7666515632079747,0.023936170212765957,4414
within/s01/d04_t01,s01,within-session,0.99,True,0.5566379700951518,0.018722018722018723,4414
within/s01/d04_t02,s01,within-session,0.5,False,1.0,0.08976093820478123,4434
within/s01/d04_t02,s01,within-session,0.55,True,0.9612088407758231,0.07719380572501174,4434
within/s01/d04_t02,s01,within-session,0.6,True,0.9197113216057735,0.061059342815105444,4434
within/s01/d04_t02,s01,within-session,0.65,True,0.8822733423545331,0.04959100204498978,4434
within/s01/d04_t02,s01,within-session,0.7,True,0.8430311231393776,0.04039593365436062,4434
within/s01/d04_t02,s01,within-session,0.75,True,0.8028867839422643,0.034269662921348316,4434
within/s01/d04_t02,s01,within-session,0.8,True,0.7503382949932341,0.02374511571986775,4434
within/s01/d04_t02,s01,within-session,0.85,True,0.6851601262967975,0.014483212639894667,4434
within/s01/d04_t02,s01,within-session,0.9,True,0.600360847992783,0.0067618332081141996,4434
within/s01/d04_t02,s01,within-session,0.95,True,0.4704555705908886,0.0023969319271332696,4434
within/s01/d04_t02,s01,within-session,0.99,True,0.22372575552548488,0.0,4434
within/s01/d05_t01,s01,within-session,0.5,False,1.0,0.06690218591300508,4529
within/s01/d05_t01,s01,within-session,0.55,True,0.9772576727754472,0.058291911432444644,4529
within/s01/d05_t01,s01,within-session,0.6,True,0.9571649370722014,0.05074971164936563,4529
within/s01/d05_t01,s01,within-session,0.65,True,0.9302274232722455,0.04296225967244244,4529
within/s01/d05_t01,s01,within-session,0.7,True,0.9039523073526164,0.0361504640937958,4529
within/s01/d05_t01,s01,within-session,0.75,True,0.874806800618238,0.0292781423523473,4529
within/s01/d05_t01,s01,within-session,0.8,True,0.8385957164937072,0.025013164823591363,4529
within/s01/d05_t01,s01,within-session,0.85,True,0.794435857805255,0.018343524180100056,4529
within/s01/d05_t01,s01,within-session,0.9,True,0.7341576506955177,0.013233082706766918,4529
within/s01/d05_t01,s01,within-session,0.95,True,0.6233164053875028,0.0038965639390719092,4529
within/s01/d05_t01,s01,within-session,0.99,True,0.3775667917862663,0.0017543859649122807,4529
within/s01/d05_t02,s01,within-session,0.5,False,1.0,0.0577260755048288,4556
within/s01/d05_t02,s01,within-session,0.55,True,0.9813432835820896,0.05054797584433013,4556
within/s01/d05_t02,s01,within-session,0.6,True,0.963784021071115,0.04395354133454794,4556
within/s01/d05_t02,s01,within-session,0.65,True,0.9427129060579456,0.03538998835855646,4556
within/s01/d05_t02,s01,within-session,0.7,True,0.9214223002633889,0.03001429252024774,4556
within/s01/d05_t02,s01,within-session,0.75,True,0.8983757682177349,0.024187637429758123,4556
within/s01/d05_t02,s01,within-session,0.8,True,0.8676470588235294,0.018719959524411838,4556
within/s01/d05_t02,s01,within-session,0.85,True,0.83099209833187,0.014263074484944533,4556
within/s01/d05_t02,s01,within-session,0.9,True,0.7640474100087796,0.007181844297615628,4556
within/s01/d05_t02,s01,within-session,0.95,True,0.6600087796312555,0.0039906883937479215,4556
within/s01/d05_t02,s01,within-session,0.99,True,0.3821334503950834,0.0011487650775416428,4556
within/s02/d01_t01,s02,within-session,0.5,False,1.0,0.054457619675010976,4554
within/s02/d01_t01,s02,within-session,0.55,True,0.9903381642512077,0.05121951219512195,4554
within/s02/d01_t01,s02,within-session,0.6,True,0.9745278875713659,0.0448400180261379,4554
within/s02/d01_t01,s02,within-session,0.65,True,0.9606938954765042,0.042057142857142855,4554
within/s02/d01_t01,s02,within-session,0.7,True,0.9446640316205533,0.038354253835425386,4554
within/s02/d01_t01,s02,within-session,0.75,True,0.9303908651734739,0.0339863110691527,4554
within/s02/d01_t01,s02,within-session,0.8,True,0.9077733860342556,0.029511369134010642,4554
within/s02/d01_t01,s02,within-session,0.85,True,0.8737373737373737,0.023372706710228702,4554
within/s02/d01_t01,s02,within-session,0.9,True,0.8258673693456302,0.018877957989896305,4554
within/s02/d01_t01,s02,within-session,0.95,True,0.7314448836187967,0.012008405884118884,4554
within/s02/d01_t01,s02,within-session,0.99,True,0.4762845849802372,0.003227293683725219,4554
within/s02/d01_t02,s02,within-session,0.5,False,1.0,0.07315451119485701,4511
within/s02/d01_t02,s02,within-session,0.55,True,0.988250942141432,0.06841633019291161,4511
within/s02/d01_t02,s02,within-session,0.6,True,0.9731766792285524,0.06287015945330296,4511
within/s02/d01_t02,s02,within-session,0.65,True,0.9554422522722235,0.058932714617169375,4511
within/s02/d01_t02,s02,within-session,0.7,True,0.9385945466637109,0.055030703826169106,4511
within/s02/d01_t02,s02,within-session,0.75,True,0.9197517180226114,0.049891540130151846,4511
within/s02/d01_t02,s02,within-session,0.8,True,0.8998004876967413,0.04680955900468096,4511
within/s02/d01_t02,s02,within-session,0.85,True,0.865661715805808,0.0412291933418694,4511
within/s02/d01_t02,s02,within-session,0.9,True,0.8195522057193527,0.03462266702731945,4511
within/s02/d01_t02,s02,within-session,0.95,True,0.7330968743072489,0.02812216510432416,4511
within/s02/d01_t02,s02,within-session,0.99,True,0.521613832853026,0.017424564385890354,4511
within/s02/d02_t01,s02,within-session,0.5,False,1.0,0.058216168717047455,4552
within/s02/d02_t01,s02,within-session,0.55,True,0.9901142355008787,0.0548036387841136,4552
within/s02/d02_t01,s02,within-session,0.6,True,0.9811072056239016,0.052619793999104346,4552
within/s02/d02_t01,s02,within-session,0.65,True,0.9707820738137083,0.04955872369314324,4552
within/s02/d02_t01,s02,within-session,0.7,True,0.9630931458699473,0.04744525547445255,4552
within/s02/d02_t01,s02,within-session,0.75,True,0.9496924428822495,0.04510756419153366,4552
within/s02/d02_t01,s02,within-session,0.8,True,0.9340949033391915,0.03998118532455315,4552
within/s02/d02_t01,s02,within-session,0.85,True,0.9173989455184535,0.036159003831417624,4552
within/s02/d02_t01,s02,within-session,0.9,True,0.8824692442882249,0.032362459546925564,4552
within/s02/d02_t01,s02,within-session,0.95,True,0.8301845342706503,0.028578989150568935,4552
within/s02/d02_t01,s02,within-session,0.99,True,0.6359841827768014,0.014853195164075994,4552
within/s02/d02_t02,s02,within-session,0.5,False,1.0,0.14114114114114115,666
within/s02/d02_t02,s02,within-session,0.55,True,0.9519519519519519,0.1309148264984227,666
within/s02/d02_t02,s02,within-session,0.6,True,0.9069069069069069,0.10927152317880795,666
within/s02/d02_t02,s02,within-session,0.65,True,0.8663663663663663,0.09012131715771231,666
within/s02/d02_t02,s02,within-session,0.7,True,0.8213213213213213,0.06764168190127971,666
within/s02/d02_t02,s02,within-session,0.75,True,0.7642642642642643,0.05108055009823183,666
within/s02/d02_t02,s02,within-session,0.8,True,0.6981981981981982,0.034408602150537634,666
within/s02/d02_t02,s02,within-session,0.85,True,0.6171171171171171,0.024330900243309004,666
within/s02/d02_t02,s02,within-session,0.9,True,0.503003003003003,0.014925373134328358,666
within/s02/d02_t02,s02,within-session,0.95,True,0.3258258258258258,0.0,666
within/s02/d02_t02,s02,within-session,0.99,True,0.07207207207207207,0.0,666
within/s02/d03_t01,s02,within-session,0.5,False,1.0,0.03652668416447944,4572
within/s02/d03_t01,s02,within-session,0.55,True,0.9930008748906387,0.034140969162995596,4572
within/s02/d03_t01,s02,within-session,0.6,True,0.9873140857392826,0.03234381922906513,4572
within/s02/d03_t01,s02,within-session,0.65,True,0.9792213473315835,0.030377484922939468,4572
within/s02/d03_t01,s02,within-session,0.7,True,0.9704724409448819,0.028172188415596124,4572
within/s02/d03_t01,s02,within-session,0.75,True,0.9630358705161854,0.027481262775380422,4572
within/s02/d03_t01,s02,within-session,0.8,True,0.9468503937007874,0.02564102564102564,4572
within/s02/d03_t01,s02,within-session,0.85,True,0.9297900262467191,0.02328863796753705,4572
within/s02/d03_t01,s02,within-session,0.9,True,0.899825021872266,0.02066115702479339,4572
within/s02/d03_t01,s02,within-session,0.95,True,0.8278652668416447,0.015852047556142668,4572
within/s02/d03_t01,s02,within-session,0.99,True,0.6082677165354331,0.008270406328658756,4572
within/s02/d03_t02,s02,within-session,0.5,False,1.0,0.05144623537204681,4529
within/s02/d03_t02,s02,within-session,0.55,True,0.9874144402737911,0.04628801431127012,4529
within/s02/d03_t02,s02,within-session,0.6,True,0.9748288805475822,0.04190260475651189,4529
within/s02/d03_t02,s02,within-session,0.65,True,0.9664385073967763,0.03838245373543523,4529
within/s02/d03_t02,s02,within-session,0.7,True,0.9547361448443364,0.03330249768732655,4529
within/s02/d03_t02,s02,within-session,0.75,True,0.9428129829984544,0.030913348946135833,4529
within/s02/d03_t02,s02,within-session,0.8,True,0.9251490395230735,0.02649164677804296,4529
within/s02/d03_t02,s02,within-session,0.85,True,0.9015235151247516,0.022777369581190303,4529
within/s02/d03_t02,s02,within-session,0.9,True,0.8708324133362774,0.017748478701825558,4529
within/s02/d03_t02,s02,within-session,0.95,True,0.8098918083462133,0.010359869138495093,4529
within/s02/d03_t02,s02,within-session,0.99,True,0.6127180393022742,0.003243243243243243,4529
within/s02/d04_t01,s02,within-session,0.5,False,1.0,0.04527472527472527,4550
within/s02/d04_t01,s02,within-session,0.55,True,0.9958241758241758,0.04414036636504083,4550
within/s02/d04_t01,s02,within-session,0.6,True,0.9914285714285714,0.04300598536909776,4550
within/s02/d04_t01,s02,within-session,0.65,True,0.9832967032967033,0.04000894054537327,4550
within/s02/d04_t01,s02,within-session,0.7,True,0.9738461538461538,0.037011961182577297,4550
within/s02/d04_t01,s02,within-session,0.75,True,0.9657142857142857,0.03573054164770141,4550
within/s02/d04_t01,s02,within-session,0.8,True,0.9553846153846154,0.031976075454336325,4550
within/s02/d04_t01,s02,within-session,0.85,True,0.9393406593406594,0.029480580252690687,4550
within/s02/d04_t01,s02,within-session,0.9,True,0.9151648351648352,0.026657060518731988,4550
within/s02/d04_t01,s02,within-session,0.95,True,0.8602197802197802,0.02222789984670414,4550
within/s02/d04_t01,s02,within-session,0.99,True,0.6742857142857143,0.009452411994784877,4550
within/s02/d04_t02,s02,within-session,0.5,False,1.0,0.03293545534924845,4524
within/s02/d04_t02,s02,within-session,0.55,True,0.9904951370468612,0.02767239455478688,4524
within/s02/d04_t02,s02,within-session,0.6,True,0.981211317418214,0.02387925208380266,4524
within/s02/d04_t02,s02,within-session,0.65,True,0.9699381078691424,0.021194165907019145,4524
within/s02/d04_t02,s02,within-session,0.7,True,0.9568965517241379,0.018018018018018018,4524
within/s02/d04_t02,s02,within-session,0.75,True,0.9438549955791335,0.014285714285714285,4524
within/s02/d04_t02,s02,within-session,0.8,True,0.9202033598585323,0.011289935142925775,4524
within/s02/d04_t02,s02,within-session,0.85,True,0.8932360742705571,0.0076713684731502104,4524
within/s02/d04_t02,s02,within-session,0.9,True,0.8477011494252874,0.003650586701434159,4524
within/s02/d04_t02,s02,within-session,0.95,True,0.7723253757736517,0.002003434459072696,4524
within/s02/d04_t02,s02,within-session,0.99,True,0.5709549071618037,0.0,4524
within/s02/d05_t01,s02,within-session,0.5,False,1.0,0.053441829777875524,4547
within/s02/d05_t01,s02,within-session,0.55,True,0.990103364855949,0.04842292314526877,4547
within/s02/d05_t01,s02,within-session,0.6,True,0.9760281504288542,0.043262730959891846,4547
within/s02/d05_t01,s02,within-session,0.65,True,0.9582142071695624,0.03832912554509984,4547
within/s02/d05_t01,s02,within-session,0.7,True,0.9408401143611173,0.03389434315100514,4547
within/s02/d05_t01,s02,within-session,0.75,True,0.9210468440730152,0.02889207258834766,4547
within/s02/d05_t01,s02,within-session,0.8,True,0.8933362656696723,0.0241260462826194,4547
within/s02/d05_t01,s02,within-session,0.85,True,0.8665053881680229,0.019289340101522844,4547
within/s02/d05_t01,s02,within-session,0.9,True,0.8044864745986364,0.013395297977036633,4547
within/s02/d05_t01,s02,within-session,0.95,True,0.699142291620849,0.008493236866939289,4547
within/s02/d05_t01,s02,within-session,0.99,True,0.4290741148009677,0.0010251153254741158,4547
within/s02/d05_t02,s02,within-session,0.5,False,1.0,0.06828729281767956,4525
within/s02/d05_t02,s02,within-session,0.55,True,0.9878453038674033,0.06442953020134229,4525
within/s02/d05_t02,s02,within-session,0.6,True,0.976353591160221,0.058397464916251696,4525
within/s02/d05_t02,s02,within-session,0.65,True,0.9650828729281768,0.05335470574765285,4525
within/s02/d05_t02,s02,within-session,0.7,True,0.9487292817679558,0.048683904029815976,4525
within/s02/d05_t02,s02,within-session,0.75,True,0.9359116022099447,0.043919716646989376,4525
within/s02/d05_t02,s02,within-session,0.8,True,0.9155801104972375,0.03958484190200338,4525
within/s02/d05_t02,s02,within-session,0.85,True,0.8956906077348066,0.03626943005181347,4525
within/s02/d05_t02,s02,within-session,0.9,True,0.8643093922651933,0.028637177192533878,4525
within/s02/d05_t02,s02,within-session,0.95,True,0.8114917127071823,0.02287581699346405,4525
within/s02/d05_t02,s02,within-session,0.99,True,0.6592265193370166,0.0077103586992960105,4525
cross-session/s01/d01_t02,s01,cross-session,0.5,False,1.0,0.08663837260354164,13666
cross-session/s01/d01_t02,s01,cross-session,0.55,True,0.977023269427777,0.07766626722588377,13666
cross-session/s01/d01_t02,s01,cross-session,0.6,True,0.9497292550856139,0.06741659603975653,13666
cross-session/s01/d01_t02,s01,cross-session,0.65,True,0.9222157178398946,0.05919225581210823,13666
cross-session/s01/d01_t02,s01,cross-session,0.7,True,0.8908971169325333,0.04936344969199179,13666
cross-session/s01/d01_t02,s01,cross-session,0.75,True,0.8577491584955363,0.042057669339703126,13666
cross-session/s01/d01_t02,s01,cross-session,0.8,True,0.8188204302648909,0.03458445040214477,13666
cross-session/s01/d01_t02,s01,cross-session,0.85,True,0.7721352261085906,0.025966641394996208,13666
cross-session/s01/d01_t02,s01,cross-session,0.9,True,0.7010829796575443,0.018160943534077864,13666
cross-session/s01/d01_t02,s01,cross-session,0.95,True,0.5875896385189522,0.010585305105853052,13666
cross-session/s01/d01_t02,s01,cross-session,0.99,True,0.33989462900629297,0.00193756727664155,13666
cross-session/s01/d02_t01,s01,cross-session,0.5,False,1.0,0.06759238850929396,13611
cross-session/s01/d02_t01,s01,cross-session,0.55,True,0.9811916831974139,0.06027704979408461,13611
cross-session/s01/d02_t01,s01,cross-session,0.6,True,0.9597384468444641,0.05243818418433744,13611
cross-session/s01/d02_t01,s01,cross-session,0.65,True,0.9380648005289839,0.044799498746867165,13611
cross-session/s01/d02_t01,s01,cross-session,0.7,True,0.909338035412534,0.03805445584551992,13611
cross-session/s01/d02_t01,s01,cross-session,0.75,True,0.8802439203585335,0.0318838160420666,13611
cross-session/s01/d02_t01,s01,cross-session,0.8,True,0.8436558665785027,0.025515980144561527,13611
cross-session/s01/d02_t01,s01,cross-session,0.85,True,0.7957534347219161,0.01837318807127689,13611
cross-session/s01/d02_t01,s01,cross-session,0.9,True,0.7255895966497685,0.01275820170109356,13611
cross-session/s01/d02_t01,s01,cross-session,0.95,True,0.5946660789067666,0.007907091672844082,13611
cross-session/s01/d02_t01,s01,cross-session,0.99,True,0.29608404966571156,0.004962779156327543,13611
cross-session/s01/d02_t02,s01,cross-session,0.5,False,1.0,0.08122090015519917,13531
cross-session/s01/d02_t02,s01,cross-session,0.55,True,0.9803414381789963,0.07478326422917451,13531
cross-session/s01/d02_t02,s01,cross-session,0.6,True,0.9604611632547484,0.06771314250538628,13531
cross-session/s01/d02_t02,s01,cross-session,0.65,True,0.9397679402852709,0.06078955646429695,13531
cross-session/s01/d02_t02,s01,cross-session,0.7,True,0.9151577858251423,0.053864168618266976,13531
cross-session/s01/d02_t02,s01,cross-session,0.75,True,0.8875175522873402,0.047381130818552754,13531
cross-session/s01/d02_t02,s01,cross-session,0.8,True,0.8581036139235829,0.04065110670915511,13531
cross-session/s01/d02_t02,s01,cross-session,0.85,True,0.8133914714359619,0.034163183717972015,13531
cross-session/s01/d02_t02,s01,cross-session,0.9,True,0.7537506466632178,0.025884890675556427,13531
cross-session/s01/d02_t02,s01,cross-session,0.95,True,0.6460719828541867,0.01795927705330588,13531
cross-session/s01/d02_t02,s01,cross-session,0.99,True,0.39501884561377576,0.0054256314312441534,13531
cross-session/s01/d03_t01,s01,cross-session,0.5,False,1.0,0.07604450666863165,13571
cross-session/s01/d03_t01,s01,cross-session,0.55,True,0.9747255176479257,0.06644995464166918,13571
cross-session/s01/d03_t01,s01,cross-session,0.6,True,0.9479036180089898,0.05884639303482587,13571
cross-session/s01/d03_t01,s01,cross-session,0.65,True,0.9224817625819762,0.050802779774742395,13571
cross-session/s01/d03_t01,s01,cross-session,0.7,True,0.8899123130204112,0.04264304049018796,13571
cross-session/s01/d03_t01,s01,cross-session,0.75,True,0.8541006558101835,0.03554481925631956,13571
cross-session/s01/d03_t01,s01,cross-session,0.8,True,0.8129098813646747,0.02973168963016679,13571
cross-session/s01/d03_t01,s01,cross-session,0.85,True,0.7594871416992115,0.02260599592509945,13571
cross-session/s01/d03_t01,s01,cross-session,0.9,True,0.6831478888807015,0.016718800560888793,13571
cross-session/s01/d03_t01,s01,cross-session,0.95,True,0.5508068675852922,0.011237458193979933,13571
cross-session/s01/d03_t01,s01,cross-session,0.99,True,0.27175595018790066,0.0035249457700650758,13571
cross-session/s01/d03_t02,s01,cross-session,0.5,False,1.0,0.08064753495217071,13590
cross-session/s01/d03_t02,s01,cross-session,0.55,True,0.976747608535688,0.07164381497664607,13590
cross-session/s01/d03_t02,s01,cross-session,0.6,True,0.9519499632082413,0.06268841307876633,13590
cross-session/s01/d03_t02,s01,cross-session,0.65,True,0.9253127299484916,0.055268389662027836,13590
cross-session/s01/d03_t02,s01,cross-session,0.7,True,0.8946284032376748,0.04828096726435269,13590
cross-session/s01/d03_t02,s01,cross-session,0.75,True,0.8625459896983075,0.041033953250298585,13590
cross-session/s01/d03_t02,s01,cross-session,0.8,True,0.8281089036055923,0.03483205971210236,13590
cross-session/s01/d03_t02,s01,cross-session,0.85,True,0.7782928623988227,0.028647064384986293,13590
cross-session/s01/d03_t02,s01,cross-session,0.9,True,0.7120676968359088,0.021700940374082878,13590
cross-session/s01/d03_t02,s01,cross-session,0.95,True,0.595364238410596,0.012483005808923496,13590
cross-session/s01/d03_t02,s01,cross-session,0.99,True,0.34415011037527593,0.006414368184733804,13590
cross-session/s01/d04_t01,s01,cross-session,0.5,False,1.0,0.07411621908663328,13182
cross-session/s01/d04_t01,s01,cross-session,0.55,True,0.9750417235624336,0.06473196919007236,13182
cross-session/s01/d04_t01,s01,cross-session,0.6,True,0.9519041116674253,0.05602486452024227,13182
cross-session/s01/d04_t01,s01,cross-session,0.65,True,0.9260355029585798,0.04816908331285328,13182
cross-session/s01/d04_t01,s01,cross-session,0.7,True,0.8990289789106357,0.041009197536072906,13182
cross-session/s01/d04_t01,s01,cross-session,0.75,True,0.8651949628280989,0.033318719859710653,13182
cross-session/s01/d04_t01,s01,cross-session,0.8,True,0.8236989834622971,0.027353103702339288,13182
cross-session/s01/d04_t01,s01,cross-session,0.85,True,0.7746169018358368,0.02125159142101655,13182
cross-session/s01/d04_t01,s01,cross-session,0.9,True,0.7012592929752693,0.014820424058848983,13182
cross-session/s01/d04_t01,s01,cross-session,0.95,True,0.5782127143073889,0.008527945421149305,13182
cross-session/s01/d04_t01,s01,cross-session,0.99,True,0.3067819754210287,0.002967359050445104,13182
cross-session/s01/d04_t02,s01,cross-session,0.5,False,1.0,0.1346340734095836,13377
cross-session/s01/d04_t02,s01,cross-session,0.55,True,0.9621738805412274,0.12291197265169762,13377
cross-session/s01/d04_t02,s01,cross-session,0.6,True,0.9238244748448831,0.11207315099530668,13377
cross-session/s01/d04_t02,s01,cross-session,0.65,True,0.8838304552590267,0.10065127294256956,13377
cross-session/s01/d04_t02,s01,cross-session,0.7,True,0.8389773491814309,0.08892452998307047,13377
cross-session/s01/d04_t02,s01,cross-session,0.75,True,0.7903117290872393,0.07879303821415058,13377
cross-session/s01/d04_t02,s01,cross-session,0.8,True,0.7345443671974284,0.06757581925503765,13377
cross-session/s01/d04_t02,s01,cross-session,0.85,True,0.6680870150257905,0.05661855208683003,13377
cross-session/s01/d04_t02,s01,cross-session,0.9,True,0.5818942961800104,0.04380781089414183,13377
cross-session/s01/d04_t02,s01,cross-session,0.95,True,0.445765119234507,0.02767063558611437,13377
cross-session/s01/d04_t02,s01,cross-session,0.99,True,0.1923450698960903,0.013214146910221531,13377
cross-session/s01/d05_t01,s01,cross-session,0.5,False,1.0,0.1074873003018479,13583
cross-session/s01/d05_t01,s01,cross-session,0.55,True,0.9697415887506442,0.0961888855147282,13583
cross-session/s01/d05_t01,s01,cross-session,0.6,True,0.9413237134653611,0.08689191302987642,13583
cross-session/s01/d05_t01,s01,cross-session,0.65,True,0.9107708164617536,0.0768733327944386,13583
cross-session/s01/d05_t01,s01,cross-session,0.7,True,0.8742545829345505,0.06501052631578948,13583
cross-session/s01/d05_t01,s01,cross-session,0.75,True,0.8371493778988441,0.056107642247823414,13583
cross-session/s01/d05_t01,s01,cross-session,0.8,True,0.7922403003754693,0.04609237059752811,13583
cross-session/s01/d05_t01,s01,cross-session,0.85,True,0.7401899433114923,0.03680127312512433,13583
cross-session/s01/d05_t01,s01,cross-session,0.9,True,0.6695869837296621,0.027047828477185266,13583
cross-session/s01/d05_t01,s01,cross-session,0.95,True,0.5511300890819406,0.016564253272775848,13583
cross-session/s01/d05_t01,s01,cross-session,0.99,True,0.3009644408451741,0.005626223091976516,13583
cross-session/s01/d05_t02,s01,cross-session,0.5,False,1.0,0.08233049603756971,13628
cross-session/s01/d05_t02,s01,cross-session,0.55,True,0.9803346052245377,0.0751497005988024,13628
cross-session/s01/d05_t02,s01,cross-session,0.6,True,0.9598620487232169,0.06803761180337894,13628
cross-session/s01/d05_t02,s01,cross-session,0.65,True,0.9379219254476079,0.060006258801439526,13628
cross-session/s01/d05_t02,s01,cross-session,0.7,True,0.9156149104784268,0.05377464337233531,13628
cross-session/s01/d05_t02,s01,cross-session,0.75,True,0.8891253302025243,0.04679376083188908,13628
cross-session/s01/d05_t02,s01,cross-session,0.8,True,0.8605077781039038,0.03999317813592564,13628
cross-session/s01/d05_t02,s01,cross-session,0.85,True,0.8208100968594071,0.03271947076703022,13628
cross-session/s01/d05_t02,s01,cross-session,0.9,True,0.767830936307602,0.02551605504587156,13628
cross-session/s01/d05_t02,s01,cross-session,0.95,True,0.6689903140592897,0.01886585499616102,13628
cross-session/s01/d05_t02,s01,cross-session,0.99,True,0.3997651893161139,0.011563876651982379,13628
cross-session/s02/d01_t02,s02,cross-session,0.5,False,1.0,0.07352400558782443,13601
cross-session/s02/d01_t02,s02,cross-session,0.55,True,0.987868539078009,0.06839833283715392,13601
cross-session/s02/d01_t02,s02,cross-session,0.6,True,0.9743401220498493,0.06338665861756716,13601
cross-session/s02/d01_t02,s02,cross-session,0.65,True,0.9613263730608044,0.05904397705544933,13601
cross-session/s02/d01_t02,s02,cross-session,0.7,True,0.9475773840158812,0.05454686530105524,13601
cross-session/s02/d01_t02,s02,cross-session,0.75,True,0.9314756267921477,0.04885942063304128,13601
cross-session/s02/d01_t02,s02,cross-session,0.8,True,0.9125799573560768,0.04358685143409603,13601
cross-session/s02/d01_t02,s02,cross-session,0.85,True,0.8889052275567972,0.03887510339123242,13601
cross-session/s02/d01_t02,s02,cross-session,0.9,True,0.8549371369752224,0.033625730994152045,13601
cross-session/s02/d01_t02,s02,cross-session,0.95,True,0.7924417322255717,0.026999443310447208,13601
cross-session/s02/d01_t02,s02,cross-session,0.99,True,0.5987059775016543,0.01633304678865283,13601
cross-session/s02/d02_t01,s02,cross-session,0.5,False,1.0,0.10340266039538473,13607
cross-session/s02/d02_t01,s02,cross-session,0.55,True,0.9814801205261997,0.09621864470235866,13607
cross-session/s02/d02_t01,s02,cross-session,0.6,True,0.9621518336150511,0.0895203177512985,13607
cross-session/s02/d02_t01,s02,cross-session,0.65,True,0.9415741897552731,0.08289103965032782,13607
cross-session/s02/d02_t01,s02,cross-session,0.7,True,0.9168075255383259,0.07559118236472946,13607
cross-session/s02/d02_t01,s02,cross-session,0.75,True,0.8896156390093334,0.06939281288723669,13607
cross-session/s02/d02_t01,s02,cross-session,0.8,True,0.8563974424928346,0.06118596069681627,13607
cross-session/s02/d02_t01,s02,cross-session,0.85,True,0.8140662894098626,0.05344407330504649,13607
cross-session/s02/d02_t01,s02,cross-session,0.9,True,0.7543176306312928,0.04267342166796571,13607
cross-session/s02/d02_t01,s02,cross-session,0.95,True,0.6551039905930771,0.030738164684765538,13607
cross-session/s02/d02_t01,s02,cross-session,0.99,True,0.40905416329830235,0.009881422924901186,13607
cross-session/s02/d02_t02,s02,cross-session,0.5,False,1.0,0.39867279224093927,1959
cross-session/s02/d02_t02,s02,cross-session,0.55,True,0.922409392547218,0.39125622578859987,1959
cross-session/s02/d02_t02,s02,cross-session,0.6,True,0.8361408882082695,0.3766788766788767,1959
cross-session/s02/d02_t02,s02,cross-session,0.65,True,0.7585502807554875,0.3674293405114401,1959
cross-session/s02/d02_t02,s02,cross-session,0.7,True,0.6794282797345584,0.3538692712246431,1959
cross-session/s02/d02_t02,s02,cross-session,0.75,True,0.5906074527820316,0.32843560933448573,1959
cross-session/s02/d02_t02,s02,cross-session,0.8,True,0.50944359367024,0.29759519038076154,1959
cross-session/s02/d02_t02,s02,cross-session,0.85,True,0.4155181214905564,0.2641277641277641,1959
cross-session/s02/d02_t02,s02,cross-session,0.9,True,0.30883103624298114,0.20330578512396694,1959
cross-session/s02/d02_t02,s02,cross-session,0.95,True,0.2057172026544155,0.10918114143920596,1959
cross-session/s02/d02_t02,s02,cross-session,0.99,True,0.1138335885655947,0.03139013452914798,1959
cross-session/s02/d03_t01,s02,cross-session,0.5,False,1.0,0.08042444200512258,13665
cross-session/s02/d03_t01,s02,cross-session,0.55,True,0.982070984266374,0.07429210134128167,13665
cross-session/s02/d03_t01,s02,cross-session,0.6,True,0.9634101719721917,0.06767945309532852,13665
cross-session/s02/d03_t01,s02,cross-session,0.65,True,0.9424807903402854,0.061495457721872815,13665
cross-session/s02/d03_t01,s02,cross-session,0.7,True,0.9236004390779363,0.056017748197448695,13665
cross-session/s02/d03_t01,s02,cross-session,0.75,True,0.8987193560190267,0.05097304779741063,13665
cross-session/s02/d03_t01,s02,cross-session,0.8,True,0.868715697036224,0.04624715693707354,13665
cross-session/s02/d03_t01,s02,cross-session,0.85,True,0.8259787778997438,0.038362718171347565,13665
cross-session/s02/d03_t01,s02,cross-session,0.9,True,0.762971094035858,0.03117206982543641,13665
cross-session/s02/d03_t01,s02,cross-session,0.95,True,0.6480790340285401,0.023148148148148147,13665
cross-session/s02/d03_t01,s02,cross-session,0.99,True,0.380534211489206,0.012307692307692308,13665
cross-session/s02/d03_t02,s02,cross-session,0.5,False,1.0,0.10112028301886793,13568
cross-session/s02/d03_t02,s02,cross-session,0.55,True,0.980247641509434,0.09210526315789473,13568
cross-session/s02/d03_t02,s02,cross-session,0.6,True,0.9564416273584906,0.08384064113431455,13568
cross-session/s02/d03_t02,s02,cross-session,0.65,True,0.9337411556603774,0.07569658220854053,13568
cross-session/s02/d03_t02,s02,cross-session,0.7,True,0.9107458726415094,0.06919155134741442,13568
cross-session/s02/d03_t02,s02,cross-session,0.75,True,0.8864239386792453,0.06211025193315041,13568
cross-session/s02/d03_t02,s02,cross-session,0.8,True,0.8573850235849056,0.055273790079944984,13568
cross-session/s02/d03_t02,s02,cross-session,0.85,True,0.8236291273584906,0.046532438478747204,13568
cross-session/s02/d03_t02,s02,cross-session,0.9,True,0.7774911556603774,0.03763389894776756,13568
cross-session/s02/d03_t02,s02,cross-session,0.95,True,0.6913325471698113,0.025906183368869937,13568
cross-session/s02/d03_t02,s02,cross-session,0.99,True,0.46403301886792453,0.005241423125794155,13568
cross-session/s02/d04_t01,s02,cross-session,0.5,False,1.0,0.07869044997430816,13623
cross-session/s02/d04_t01,s02,cross-session,0.55,True,0.9865668354987888,0.0730654761904762,13623
cross-session/s02/d04_t01,s02,cross-session,0.6,True,0.9721059972105998,0.06652571169674545,13623
cross-session/s02/d04_t01,s02,cross-session,0.65,True,0.9581589958158996,0.062361143032253125,13623
cross-session/s02/d04_t01,s02,cross-session,0.7,True,0.9436981575277105,0.05794959551960174,13623
cross-session/s02/d04_t01,s02,cross-session,0.75,True,0.9264479189605813,0.05268996117581808,13623
cross-session/s02/d04_t01,s02,cross-session,0.8,True,0.905674227409528,0.04773869346733668,13623
cross-session/s02/d04_t01,s02,cross-session,0.85,True,0.8782206562431183,0.04187562688064193,13623
cross-session/s02/d04_t01,s02,cross-session,0.9,True,0.8405637524774279,0.035892061828661254,13623
cross-session/s02/d04_t01,s02,cross-session,0.95,True,0.7745724142993466,0.027956785443517818,13623
cross-session/s02/d04_t01,s02,cross-session,0.99,True,0.5849666006019232,0.013803488518007279,13623
cross-session/s02/d04_t02,s02,cross-session,0.5,False,1.0,0.0713759575721862,13576
cross-session/s02/d04_t02,s02,cross-session,0.55,True,0.9821744254566883,0.06427178641067946,13576
cross-session/s02/d04_t02,s02,cross-session,0.6,True,0.9653064230995875,0.0576879053796261,13576
cross-session/s02/d04_t02,s02,cross-session,0.65,True,0.9475545079552151,0.051305970149253734,13576
cross-session/s02/d04_t02,s02,cross-session,0.7,True,0.929876252209782,0.04523130544993663,13576
cross-session/s02/d04_t02,s02,cross-session,0.75,True,0.9101355332940483,0.038847523470378766,13576
cross-session/s02/d04_t02,s02,cross-session,0.8,True,0.8890689451974072,0.03222866611433306,13576
cross-session/s02/d04_t02,s02,cross-session,0.85,True,0.8626252209781968,0.02672700879514986,13576
cross-session/s02/d04_t02,s02,cross-session,0.9,True,0.8293311726576311,0.0198063771205258,13576
cross-session/s02/d04_t02,s02,cross-session,0.95,True,0.7630377136122569,0.011777198571290665,13576
cross-session/s02/d04_t02,s02,cross-session,0.99,True,0.5704920447849146,0.0018076178179470626,13576
cross-session/s02/d05_t01,s02,cross-session,0.5,False,1.0,0.10416819819157538,13603
cross-session/s02/d05_t01,s02,cross-session,0.55,True,0.9811806219216349,0.09702554881246722,13603
cross-session/s02/d05_t01,s02,cross-session,0.6,True,0.9605234139528045,0.08969845400275524,13603
cross-session/s02/d05_t01,s02,cross-session,0.65,True,0.9385429684628391,0.08271324508498473,13603
cross-session/s02/d05_t01,s02,cross-session,0.7,True,0.9139895611262222,0.07608783077294297,13603
cross-session/s02/d05_t01,s02,cross-session,0.75,True,0.8885539954421818,0.06742781500785969,13603
cross-session/s02/d05_t01,s02,cross-session,0.8,True,0.8612070866720576,0.060776781903542465,13603
cross-session/s02/d05_t01,s02,cross-session,0.85,True,0.8230537381459972,0.05153626295105395,13603
cross-session/s02/d05_t01,s02,cross-session,0.9,True,0.7708593692567816,0.042723631508678236,13603
cross-session/s02/d05_t01,s02,cross-session,0.95,True,0.6827170477100639,0.028103801012167546,13603
cross-session/s02/d05_t01,s02,cross-session,0.99,True,0.4873924869514078,0.008446455505279034,13603
cross-session/s02/d05_t02,s02,cross-session,0.5,False,1.0,0.08036435759935356,13613
cross-session/s02/d05_t02,s02,cross-session,0.55,True,0.984279732608536,0.07343831629226062,13613
cross-session/s02/d05_t02,s02,cross-session,0.6,True,0.9681187100565636,0.06700053114803854,13613
cross-session/s02/d05_t02,s02,cross-session,0.65,True,0.9502681260559759,0.06099257884972171,13613
cross-session/s02/d05_t02,s02,cross-session,0.7,True,0.9323440828619701,0.05570438071225969,13613
cross-session/s02/d05_t02,s02,cross-session,0.75,True,0.9114082127378241,0.04940759248811155,13613
cross-session/s02/d05_t02,s02,cross-session,0.8,True,0.8906192610005143,0.04247773012207192,13613
cross-session/s02/d05_t02,s02,cross-session,0.85,True,0.8636597370160876,0.03606362167219529,13613
cross-session/s02/d05_t02,s02,cross-session,0.9,True,0.8261955483728789,0.02596247888325776,13613
cross-session/s02/d05_t02,s02,cross-session,0.95,True,0.7516344670535517,0.017396403440187648,13613
cross-session/s02/d05_t02,s02,cross-session,0.99,True,0.5276573863218982,0.0057079214812752336,13613
